<?xml version="1.0" encoding="UTF-8" standalone="yes" ?>
<!DOCTYPE boost_serialization>
<boost_serialization signature="serialization::archive" version="15">
<engine class_id="0" tracking_level="0" version="0">
	<topology_ class_id="1" tracking_level="0" version="0">
		<levels_ class_id="2" tracking_level="0" version="0">
			<count>4</count>
			<item_version>1</item_version>
			<item class_id="3" tracking_level="0" version="1">
				<px class_id="4" class_name="model::ArithmeticUnits" tracking_level="1" version="0" object_id="_0">
					<Level class_id="5" tracking_level="0" version="0"></Level>
					<specs_ class_id="6" tracking_level="0" version="0">
						<LevelSpecs class_id="7" tracking_level="0" version="0">
							<level_name>MAC</level_name>
						</LevelSpecs>
						<instances class_id="8" tracking_level="0" version="0">
							<t_>1</t_>
						</instances>
						<meshX>
							<t_>1</t_>
						</meshX>
						<meshY>
							<t_>1</t_>
						</meshY>
						<word_bits>
							<t_>8</t_>
						</word_bits>
					</specs_>
					<energy_>7.54163839999999967e+05</energy_>
					<area_>3.32250000000000000e+02</area_>
					<cycles_>1344800</cycles_>
					<utilized_instances_>1</utilized_instances_>
					<avg_utilized_instances_>1</avg_utilized_instances_>
					<algorithmic_computes_>2097152</algorithmic_computes_>
					<random_computes_>1344800</random_computes_>
					<gated_computes_>0</gated_computes_>
					<skipped_computes_>0</skipped_computes_>
				</px>
			</item>
			<item>
				<px class_id="9" class_name="model::BufferLevel" tracking_level="1" version="0" object_id="_1">
					<Level></Level>
					<subnest_ class_id="10" tracking_level="0" version="0">
						<count>1</count>
						<item_version>0</item_version>
						<item class_id="11" tracking_level="0" version="0">
							<dimension>2</dimension>
							<start>0</start>
							<end>128</end>
							<stride>1</stride>
							<spacetime_dimension>0</spacetime_dimension>
						</item>
					</subnest_>
					<specs_ class_id="12" tracking_level="0" version="0">
						<LevelSpecs>
							<level_name>Reg</level_name>
						</LevelSpecs>
						<name class_id="13" tracking_level="0" version="0">
							<t_>Reg</t_>
						</name>
						<technology class_id="14" tracking_level="0" version="0">
							<t_>0</t_>
						</technology>
						<size>
							<t_>1</t_>
						</size>
						<word_bits>
							<t_>8</t_>
						</word_bits>
						<addr_gen_bits>
							<t_>0</t_>
						</addr_gen_bits>
						<block_size>
							<t_>1</t_>
						</block_size>
						<cluster_size>
							<t_>1</t_>
						</cluster_size>
						<instances>
							<t_>1</t_>
						</instances>
						<meshX>
							<t_>1</t_>
						</meshX>
						<meshY>
							<t_>1</t_>
						</meshY>
						<read_bandwidth class_id="15" tracking_level="0" version="0">
							<t_>1.00000000000000000e+00</t_>
						</read_bandwidth>
						<write_bandwidth>
							<t_>1.00000000000000000e+00</t_>
						</write_bandwidth>
						<multiple_buffering>
							<t_>1.00000000000000000e+00</t_>
						</multiple_buffering>
						<min_utilization>
							<t_>0.00000000000000000e+00</t_>
						</min_utilization>
						<num_ports>
							<t_>2</t_>
						</num_ports>
						<num_banks>
							<t_>2</t_>
						</num_banks>
						<read_network_name></read_network_name>
						<fill_network_name></fill_network_name>
						<drain_network_name></drain_network_name>
						<update_network_name></update_network_name>
					</specs_>
					<stats_ class_id="16" tracking_level="0" version="0">
						<keep class_id="17" tracking_level="0" version="0">
							<PerDataSpace>
								<item>0</item>
								<item>0</item>
								<item>1</item>
							</PerDataSpace>
						</keep>
						<partition_size class_id="18" tracking_level="0" version="0">
							<PerDataSpace>
								<item>0</item>
								<item>0</item>
								<item>16384</item>
							</PerDataSpace>
						</partition_size>
						<utilized_capacity>
							<PerDataSpace>
								<item>0</item>
								<item>0</item>
								<item>1</item>
							</PerDataSpace>
						</utilized_capacity>
						<utilized_instances>
							<PerDataSpace>
								<item>1</item>
								<item>1</item>
								<item>1</item>
							</PerDataSpace>
						</utilized_instances>
						<utilized_clusters>
							<PerDataSpace>
								<item>1</item>
								<item>1</item>
								<item>1</item>
							</PerDataSpace>
						</utilized_clusters>
						<reads>
							<PerDataSpace>
								<item>0</item>
								<item>0</item>
								<item>2080768</item>
							</PerDataSpace>
						</reads>
						<updates>
							<PerDataSpace>
								<item>0</item>
								<item>0</item>
								<item>2097152</item>
							</PerDataSpace>
						</updates>
						<fills>
							<PerDataSpace>
								<item>0</item>
								<item>0</item>
								<item>16384</item>
							</PerDataSpace>
						</fills>
						<gated_reads>
							<PerDataSpace>
								<item>0</item>
								<item>0</item>
								<item>0</item>
							</PerDataSpace>
						</gated_reads>
						<skipped_reads>
							<PerDataSpace>
								<item>0</item>
								<item>0</item>
								<item>746475</item>
							</PerDataSpace>
						</skipped_reads>
						<random_reads>
							<PerDataSpace>
								<item>0</item>
								<item>0</item>
								<item>1334293</item>
							</PerDataSpace>
						</random_reads>
						<gated_fills>
							<PerDataSpace>
								<item>0</item>
								<item>0</item>
								<item>0</item>
							</PerDataSpace>
						</gated_fills>
						<skipped_fills>
							<PerDataSpace>
								<item>0</item>
								<item>0</item>
								<item>0</item>
							</PerDataSpace>
						</skipped_fills>
						<random_fills>
							<PerDataSpace>
								<item>0</item>
								<item>0</item>
								<item>16384</item>
							</PerDataSpace>
						</random_fills>
						<gated_updates>
							<PerDataSpace>
								<item>0</item>
								<item>0</item>
								<item>0</item>
							</PerDataSpace>
						</gated_updates>
						<skipped_updates>
							<PerDataSpace>
								<item>0</item>
								<item>0</item>
								<item>752352</item>
							</PerDataSpace>
						</skipped_updates>
						<random_updates>
							<PerDataSpace>
								<item>0</item>
								<item>0</item>
								<item>1344800</item>
							</PerDataSpace>
						</random_updates>
						<random_format_reads class_id="19" tracking_level="0" version="0">
							<PerDataSpace>
								<item class_id="20" tracking_level="0" version="0">
									<count>0</count>
									<item_version>0</item_version>
								</item>
								<item>
									<count>0</count>
									<item_version>0</item_version>
								</item>
								<item>
									<count>0</count>
									<item_version>0</item_version>
								</item>
							</PerDataSpace>
						</random_format_reads>
						<gated_format_reads>
							<PerDataSpace>
								<item>
									<count>0</count>
									<item_version>0</item_version>
								</item>
								<item>
									<count>0</count>
									<item_version>0</item_version>
								</item>
								<item>
									<count>0</count>
									<item_version>0</item_version>
								</item>
							</PerDataSpace>
						</gated_format_reads>
						<skipped_format_reads>
							<PerDataSpace>
								<item>
									<count>0</count>
									<item_version>0</item_version>
								</item>
								<item>
									<count>0</count>
									<item_version>0</item_version>
								</item>
								<item>
									<count>0</count>
									<item_version>0</item_version>
								</item>
							</PerDataSpace>
						</skipped_format_reads>
						<random_format_fills>
							<PerDataSpace>
								<item>
									<count>0</count>
									<item_version>0</item_version>
								</item>
								<item>
									<count>0</count>
									<item_version>0</item_version>
								</item>
								<item>
									<count>0</count>
									<item_version>0</item_version>
								</item>
							</PerDataSpace>
						</random_format_fills>
						<gated_format_fills>
							<PerDataSpace>
								<item>
									<count>0</count>
									<item_version>0</item_version>
								</item>
								<item>
									<count>0</count>
									<item_version>0</item_version>
								</item>
								<item>
									<count>0</count>
									<item_version>0</item_version>
								</item>
							</PerDataSpace>
						</gated_format_fills>
						<skipped_format_fills>
							<PerDataSpace>
								<item>
									<count>0</count>
									<item_version>0</item_version>
								</item>
								<item>
									<count>0</count>
									<item_version>0</item_version>
								</item>
								<item>
									<count>0</count>
									<item_version>0</item_version>
								</item>
							</PerDataSpace>
						</skipped_format_fills>
						<random_format_updates>
							<PerDataSpace>
								<item>
									<count>0</count>
									<item_version>0</item_version>
								</item>
								<item>
									<count>0</count>
									<item_version>0</item_version>
								</item>
								<item>
									<count>0</count>
									<item_version>0</item_version>
								</item>
							</PerDataSpace>
						</random_format_updates>
						<gated_format_updates>
							<PerDataSpace>
								<item>
									<count>0</count>
									<item_version>0</item_version>
								</item>
								<item>
									<count>0</count>
									<item_version>0</item_version>
								</item>
								<item>
									<count>0</count>
									<item_version>0</item_version>
								</item>
							</PerDataSpace>
						</gated_format_updates>
						<skipped_format_updates>
							<PerDataSpace>
								<item>
									<count>0</count>
									<item_version>0</item_version>
								</item>
								<item>
									<count>0</count>
									<item_version>0</item_version>
								</item>
								<item>
									<count>0</count>
									<item_version>0</item_version>
								</item>
							</PerDataSpace>
						</skipped_format_updates>
						<decompression_counts>
							<PerDataSpace>
								<item>0</item>
								<item>0</item>
								<item>0</item>
							</PerDataSpace>
						</decompression_counts>
						<compression_counts>
							<PerDataSpace>
								<item>0</item>
								<item>0</item>
								<item>0</item>
							</PerDataSpace>
						</compression_counts>
						<address_generations>
							<PerDataSpace>
								<item>0</item>
								<item>0</item>
								<item>1361184</item>
							</PerDataSpace>
						</address_generations>
						<temporal_reductions>
							<PerDataSpace>
								<item>0</item>
								<item>0</item>
								<item>1334294</item>
							</PerDataSpace>
						</temporal_reductions>
						<read_bandwidth class_id="21" tracking_level="0" version="0">
							<PerDataSpace>
								<item>0.00000000000000000e+00</item>
								<item>0.00000000000000000e+00</item>
								<item>9.80244404871053354e-01</item>
							</PerDataSpace>
						</read_bandwidth>
						<write_bandwidth>
							<PerDataSpace>
								<item>0.00000000000000000e+00</item>
								<item>0.00000000000000000e+00</item>
								<item>1.00000000000000000e+00</item>
							</PerDataSpace>
						</write_bandwidth>
						<energy_per_algorithmic_access>
							<PerDataSpace>
								<item>-nan</item>
								<item>-nan</item>
								<item>3.13268151725104194e-01</item>
							</PerDataSpace>
						</energy_per_algorithmic_access>
						<energy_per_access>
							<PerDataSpace>
								<item>-nan</item>
								<item>-nan</item>
								<item>4.87461722675879394e-01</item>
							</PerDataSpace>
						</energy_per_access>
						<energy>
							<PerDataSpace>
								<item>0.00000000000000000e+00</item>
								<item>0.00000000000000000e+00</item>
								<item>1.31394186185321142e+06</item>
							</PerDataSpace>
						</energy>
						<temporal_reduction_energy>
							<PerDataSpace>
								<item>0.00000000000000000e+00</item>
								<item>0.00000000000000000e+00</item>
								<item>0.00000000000000000e+00</item>
							</PerDataSpace>
						</temporal_reduction_energy>
						<addr_gen_energy>
							<PerDataSpace>
								<item>0.00000000000000000e+00</item>
								<item>0.00000000000000000e+00</item>
								<item>0.00000000000000000e+00</item>
							</PerDataSpace>
						</addr_gen_energy>
						<cycles>1361185</cycles>
						<slowdown>9.87963420081340860e-01</slowdown>
						<format_read_bandwidth_ratio>
							<PerDataSpace>
								<item>0.00000000000000000e+00</item>
								<item>0.00000000000000000e+00</item>
								<item>0.00000000000000000e+00</item>
							</PerDataSpace>
						</format_read_bandwidth_ratio>
						<format_write_bandwidth_ratio>
							<PerDataSpace>
								<item>0.00000000000000000e+00</item>
								<item>0.00000000000000000e+00</item>
								<item>0.00000000000000000e+00</item>
							</PerDataSpace>
						</format_write_bandwidth_ratio>
					</stats_>
				</px>
			</item>
			<item>
				<px class_id_reference="9" object_id="_2">
					<Level></Level>
					<subnest_>
						<count>1</count>
						<item_version>0</item_version>
						<item>
							<dimension>2</dimension>
							<start>0</start>
							<end>1</end>
							<stride>1</stride>
							<spacetime_dimension>0</spacetime_dimension>
						</item>
					</subnest_>
					<specs_>
						<LevelSpecs>
							<level_name>Buffer</level_name>
						</LevelSpecs>
						<name>
							<t_>Buffer</t_>
						</name>
						<technology>
							<t_>0</t_>
						</technology>
						<size>
							<t_>512</t_>
						</size>
						<word_bits>
							<t_>8</t_>
						</word_bits>
						<addr_gen_bits>
							<t_>9</t_>
						</addr_gen_bits>
						<block_size>
							<t_>1</t_>
						</block_size>
						<cluster_size>
							<t_>1</t_>
						</cluster_size>
						<instances>
							<t_>1</t_>
						</instances>
						<meshX>
							<t_>1</t_>
						</meshX>
						<meshY>
							<t_>1</t_>
						</meshY>
						<read_bandwidth>
							<t_>2.00000000000000000e+00</t_>
						</read_bandwidth>
						<write_bandwidth>
							<t_>2.00000000000000000e+00</t_>
						</write_bandwidth>
						<multiple_buffering>
							<t_>1.00000000000000000e+00</t_>
						</multiple_buffering>
						<min_utilization>
							<t_>0.00000000000000000e+00</t_>
						</min_utilization>
						<num_ports>
							<t_>2</t_>
						</num_ports>
						<num_banks>
							<t_>2</t_>
						</num_banks>
						<read_network_name></read_network_name>
						<fill_network_name></fill_network_name>
						<drain_network_name></drain_network_name>
						<update_network_name></update_network_name>
					</specs_>
					<stats_>
						<keep>
							<PerDataSpace>
								<item>1</item>
								<item>1</item>
								<item>0</item>
							</PerDataSpace>
						</keep>
						<partition_size>
							<PerDataSpace>
								<item>16384</item>
								<item>16384</item>
								<item>0</item>
							</PerDataSpace>
						</partition_size>
						<utilized_capacity>
							<PerDataSpace>
								<item>103</item>
								<item>103</item>
								<item>0</item>
							</PerDataSpace>
						</utilized_capacity>
						<utilized_instances>
							<PerDataSpace>
								<item>1</item>
								<item>1</item>
								<item>1</item>
							</PerDataSpace>
						</utilized_instances>
						<utilized_clusters>
							<PerDataSpace>
								<item>1</item>
								<item>1</item>
								<item>1</item>
							</PerDataSpace>
						</utilized_clusters>
						<reads>
							<PerDataSpace>
								<item>2097152</item>
								<item>2097152</item>
								<item>0</item>
							</PerDataSpace>
						</reads>
						<updates>
							<PerDataSpace>
								<item>0</item>
								<item>0</item>
								<item>0</item>
							</PerDataSpace>
						</updates>
						<fills>
							<PerDataSpace>
								<item>2097152</item>
								<item>16384</item>
								<item>0</item>
							</PerDataSpace>
						</fills>
						<gated_reads>
							<PerDataSpace>
								<item>0</item>
								<item>0</item>
								<item>0</item>
							</PerDataSpace>
						</gated_reads>
						<skipped_reads>
							<PerDataSpace>
								<item>334560</item>
								<item>334560</item>
								<item>0</item>
							</PerDataSpace>
						</skipped_reads>
						<random_reads>
							<PerDataSpace>
								<item>1344800</item>
								<item>1344800</item>
								<item>0</item>
							</PerDataSpace>
						</random_reads>
						<gated_fills>
							<PerDataSpace>
								<item>0</item>
								<item>0</item>
								<item>0</item>
							</PerDataSpace>
						</gated_fills>
						<skipped_fills>
							<PerDataSpace>
								<item>0</item>
								<item>0</item>
								<item>0</item>
							</PerDataSpace>
						</skipped_fills>
						<random_fills>
							<PerDataSpace>
								<item>1679360</item>
								<item>13120</item>
								<item>0</item>
							</PerDataSpace>
						</random_fills>
						<gated_updates>
							<PerDataSpace>
								<item>0</item>
								<item>0</item>
								<item>0</item>
							</PerDataSpace>
						</gated_updates>
						<skipped_updates>
							<PerDataSpace>
								<item>0</item>
								<item>0</item>
								<item>0</item>
							</PerDataSpace>
						</skipped_updates>
						<random_updates>
							<PerDataSpace>
								<item>0</item>
								<item>0</item>
								<item>0</item>
							</PerDataSpace>
						</random_updates>
						<random_format_reads>
							<PerDataSpace>
								<item>
									<count>1</count>
									<item_version>0</item_version>
									<item>
										<count>2</count>
										<item_version>0</item_version>
										<item>1344800</item>
										<item>0</item>
									</item>
								</item>
								<item>
									<count>2</count>
									<item_version>0</item_version>
									<item>
										<count>2</count>
										<item_version>0</item_version>
										<item>1344800</item>
										<item>0</item>
									</item>
									<item>
										<count>2</count>
										<item_version>0</item_version>
										<item>0</item>
										<item>0</item>
									</item>
								</item>
								<item>
									<count>0</count>
									<item_version>0</item_version>
								</item>
							</PerDataSpace>
						</random_format_reads>
						<gated_format_reads>
							<PerDataSpace>
								<item>
									<count>1</count>
									<item_version>0</item_version>
									<item>
										<count>2</count>
										<item_version>0</item_version>
										<item>0</item>
										<item>0</item>
									</item>
								</item>
								<item>
									<count>2</count>
									<item_version>0</item_version>
									<item>
										<count>2</count>
										<item_version>0</item_version>
										<item>0</item>
										<item>0</item>
									</item>
									<item>
										<count>2</count>
										<item_version>0</item_version>
										<item>0</item>
										<item>0</item>
									</item>
								</item>
								<item>
									<count>0</count>
									<item_version>0</item_version>
								</item>
							</PerDataSpace>
						</gated_format_reads>
						<skipped_format_reads>
							<PerDataSpace>
								<item>
									<count>1</count>
									<item_version>0</item_version>
									<item>
										<count>2</count>
										<item_version>0</item_version>
										<item>334560</item>
										<item>0</item>
									</item>
								</item>
								<item>
									<count>2</count>
									<item_version>0</item_version>
									<item>
										<count>2</count>
										<item_version>0</item_version>
										<item>334560</item>
										<item>0</item>
									</item>
									<item>
										<count>2</count>
										<item_version>0</item_version>
										<item>0</item>
										<item>0</item>
									</item>
								</item>
								<item>
									<count>0</count>
									<item_version>0</item_version>
								</item>
							</PerDataSpace>
						</skipped_format_reads>
						<random_format_fills>
							<PerDataSpace>
								<item>
									<count>1</count>
									<item_version>0</item_version>
									<item>
										<count>2</count>
										<item_version>0</item_version>
										<item>1679360</item>
										<item>0</item>
									</item>
								</item>
								<item>
									<count>2</count>
									<item_version>0</item_version>
									<item>
										<count>2</count>
										<item_version>0</item_version>
										<item>13120</item>
										<item>0</item>
									</item>
									<item>
										<count>2</count>
										<item_version>0</item_version>
										<item>0</item>
										<item>0</item>
									</item>
								</item>
								<item>
									<count>0</count>
									<item_version>0</item_version>
								</item>
							</PerDataSpace>
						</random_format_fills>
						<gated_format_fills>
							<PerDataSpace>
								<item>
									<count>1</count>
									<item_version>0</item_version>
									<item>
										<count>2</count>
										<item_version>0</item_version>
										<item>0</item>
										<item>0</item>
									</item>
								</item>
								<item>
									<count>2</count>
									<item_version>0</item_version>
									<item>
										<count>2</count>
										<item_version>0</item_version>
										<item>0</item>
										<item>0</item>
									</item>
									<item>
										<count>2</count>
										<item_version>0</item_version>
										<item>0</item>
										<item>0</item>
									</item>
								</item>
								<item>
									<count>0</count>
									<item_version>0</item_version>
								</item>
							</PerDataSpace>
						</gated_format_fills>
						<skipped_format_fills>
							<PerDataSpace>
								<item>
									<count>1</count>
									<item_version>0</item_version>
									<item>
										<count>2</count>
										<item_version>0</item_version>
										<item>0</item>
										<item>0</item>
									</item>
								</item>
								<item>
									<count>2</count>
									<item_version>0</item_version>
									<item>
										<count>2</count>
										<item_version>0</item_version>
										<item>0</item>
										<item>0</item>
									</item>
									<item>
										<count>2</count>
										<item_version>0</item_version>
										<item>0</item>
										<item>0</item>
									</item>
								</item>
								<item>
									<count>0</count>
									<item_version>0</item_version>
								</item>
							</PerDataSpace>
						</skipped_format_fills>
						<random_format_updates>
							<PerDataSpace>
								<item>
									<count>1</count>
									<item_version>0</item_version>
									<item>
										<count>2</count>
										<item_version>0</item_version>
										<item>0</item>
										<item>0</item>
									</item>
								</item>
								<item>
									<count>2</count>
									<item_version>0</item_version>
									<item>
										<count>2</count>
										<item_version>0</item_version>
										<item>0</item>
										<item>0</item>
									</item>
									<item>
										<count>2</count>
										<item_version>0</item_version>
										<item>0</item>
										<item>0</item>
									</item>
								</item>
								<item>
									<count>0</count>
									<item_version>0</item_version>
								</item>
							</PerDataSpace>
						</random_format_updates>
						<gated_format_updates>
							<PerDataSpace>
								<item>
									<count>1</count>
									<item_version>0</item_version>
									<item>
										<count>2</count>
										<item_version>0</item_version>
										<item>0</item>
										<item>0</item>
									</item>
								</item>
								<item>
									<count>2</count>
									<item_version>0</item_version>
									<item>
										<count>2</count>
										<item_version>0</item_version>
										<item>0</item>
										<item>0</item>
									</item>
									<item>
										<count>2</count>
										<item_version>0</item_version>
										<item>0</item>
										<item>0</item>
									</item>
								</item>
								<item>
									<count>0</count>
									<item_version>0</item_version>
								</item>
							</PerDataSpace>
						</gated_format_updates>
						<skipped_format_updates>
							<PerDataSpace>
								<item>
									<count>1</count>
									<item_version>0</item_version>
									<item>
										<count>2</count>
										<item_version>0</item_version>
										<item>0</item>
										<item>0</item>
									</item>
								</item>
								<item>
									<count>2</count>
									<item_version>0</item_version>
									<item>
										<count>2</count>
										<item_version>0</item_version>
										<item>0</item>
										<item>0</item>
									</item>
									<item>
										<count>2</count>
										<item_version>0</item_version>
										<item>0</item>
										<item>0</item>
									</item>
								</item>
								<item>
									<count>0</count>
									<item_version>0</item_version>
								</item>
							</PerDataSpace>
						</skipped_format_updates>
						<decompression_counts>
							<PerDataSpace>
								<item>0</item>
								<item>0</item>
								<item>0</item>
							</PerDataSpace>
						</decompression_counts>
						<compression_counts>
							<PerDataSpace>
								<item>0</item>
								<item>0</item>
								<item>0</item>
							</PerDataSpace>
						</compression_counts>
						<address_generations>
							<PerDataSpace>
								<item>3024160</item>
								<item>1357920</item>
								<item>0</item>
							</PerDataSpace>
						</address_generations>
						<temporal_reductions>
							<PerDataSpace>
								<item>0</item>
								<item>0</item>
								<item>0</item>
							</PerDataSpace>
						</temporal_reductions>
						<read_bandwidth>
							<PerDataSpace>
								<item>1.00000000000000000e+00</item>
								<item>1.00000000000000000e+00</item>
								<item>0.00000000000000000e+00</item>
							</PerDataSpace>
						</read_bandwidth>
						<write_bandwidth>
							<PerDataSpace>
								<item>1.24878048780487805e+00</item>
								<item>9.75609756097560975e-03</item>
								<item>0.00000000000000000e+00</item>
							</PerDataSpace>
						</write_bandwidth>
						<energy_per_algorithmic_access>
							<PerDataSpace>
								<item>9.77886832809448214e-01</item>
								<item>9.08933182685319863e-01</item>
								<item>-nan</item>
							</PerDataSpace>
						</energy_per_algorithmic_access>
						<energy_per_access>
							<PerDataSpace>
								<item>1.35626245119305855e+00</item>
								<item>1.41471000000000013e+00</item>
								<item>-nan</item>
							</PerDataSpace>
						</energy_per_access>
						<energy>
							<PerDataSpace>
								<item>4.10155465439999988e+06</item>
								<item>1.92106300320000015e+06</item>
								<item>0.00000000000000000e+00</item>
							</PerDataSpace>
						</energy>
						<temporal_reduction_energy>
							<PerDataSpace>
								<item>0.00000000000000000e+00</item>
								<item>0.00000000000000000e+00</item>
								<item>0.00000000000000000e+00</item>
							</PerDataSpace>
						</temporal_reduction_energy>
						<addr_gen_energy>
							<PerDataSpace>
								<item>0.00000000000000000e+00</item>
								<item>0.00000000000000000e+00</item>
								<item>0.00000000000000000e+00</item>
							</PerDataSpace>
						</addr_gen_energy>
						<cycles>3698200</cycles>
						<slowdown>3.63636363636363646e-01</slowdown>
						<format_read_bandwidth_ratio>
							<PerDataSpace>
								<item>6.36363636363636354e-01</item>
								<item>6.36363636363636354e-01</item>
								<item>0.00000000000000000e+00</item>
							</PerDataSpace>
						</format_read_bandwidth_ratio>
						<format_write_bandwidth_ratio>
							<PerDataSpace>
								<item>6.36363636363636354e-01</item>
								<item>6.36363636363636354e-01</item>
								<item>0.00000000000000000e+00</item>
							</PerDataSpace>
						</format_write_bandwidth_ratio>
					</stats_>
				</px>
			</item>
			<item>
				<px class_id_reference="9" object_id="_3">
					<Level></Level>
					<subnest_>
						<count>2</count>
						<item_version>0</item_version>
						<item>
							<dimension>0</dimension>
							<start>0</start>
							<end>128</end>
							<stride>1</stride>
							<spacetime_dimension>0</spacetime_dimension>
						</item>
						<item>
							<dimension>1</dimension>
							<start>0</start>
							<end>128</end>
							<stride>1</stride>
							<spacetime_dimension>0</spacetime_dimension>
						</item>
					</subnest_>
					<specs_>
						<LevelSpecs>
							<level_name>BackingStorage</level_name>
						</LevelSpecs>
						<name>
							<t_>BackingStorage</t_>
						</name>
						<technology>
							<t_>0</t_>
						</technology>
						<size>
							<t_>131072</t_>
						</size>
						<word_bits>
							<t_>8</t_>
						</word_bits>
						<addr_gen_bits>
							<t_>14</t_>
						</addr_gen_bits>
						<block_size>
							<t_>8</t_>
						</block_size>
						<cluster_size>
							<t_>1</t_>
						</cluster_size>
						<instances>
							<t_>1</t_>
						</instances>
						<meshX>
							<t_>1</t_>
						</meshX>
						<meshY>
							<t_>1</t_>
						</meshY>
						<read_bandwidth>
							<t_>8.00000000000000000e+00</t_>
						</read_bandwidth>
						<write_bandwidth></write_bandwidth>
						<multiple_buffering>
							<t_>1.00000000000000000e+00</t_>
						</multiple_buffering>
						<min_utilization>
							<t_>0.00000000000000000e+00</t_>
						</min_utilization>
						<num_ports>
							<t_>2</t_>
						</num_ports>
						<num_banks>
							<t_>2</t_>
						</num_banks>
						<read_network_name></read_network_name>
						<fill_network_name></fill_network_name>
						<drain_network_name></drain_network_name>
						<update_network_name></update_network_name>
					</specs_>
					<stats_>
						<keep>
							<PerDataSpace>
								<item>1</item>
								<item>1</item>
								<item>1</item>
							</PerDataSpace>
						</keep>
						<partition_size>
							<PerDataSpace>
								<item>16384</item>
								<item>16384</item>
								<item>16384</item>
							</PerDataSpace>
						</partition_size>
						<utilized_capacity>
							<PerDataSpace>
								<item>13120</item>
								<item>13120</item>
								<item>16384</item>
							</PerDataSpace>
						</utilized_capacity>
						<utilized_instances>
							<PerDataSpace>
								<item>1</item>
								<item>1</item>
								<item>1</item>
							</PerDataSpace>
						</utilized_instances>
						<utilized_clusters>
							<PerDataSpace>
								<item>1</item>
								<item>1</item>
								<item>1</item>
							</PerDataSpace>
						</utilized_clusters>
						<reads>
							<PerDataSpace>
								<item>2097152</item>
								<item>16384</item>
								<item>0</item>
							</PerDataSpace>
						</reads>
						<updates>
							<PerDataSpace>
								<item>0</item>
								<item>0</item>
								<item>16384</item>
							</PerDataSpace>
						</updates>
						<fills>
							<PerDataSpace>
								<item>0</item>
								<item>0</item>
								<item>0</item>
							</PerDataSpace>
						</fills>
						<gated_reads>
							<PerDataSpace>
								<item>0</item>
								<item>0</item>
								<item>0</item>
							</PerDataSpace>
						</gated_reads>
						<skipped_reads>
							<PerDataSpace>
								<item>0</item>
								<item>0</item>
								<item>0</item>
							</PerDataSpace>
						</skipped_reads>
						<random_reads>
							<PerDataSpace>
								<item>1679360</item>
								<item>13120</item>
								<item>0</item>
							</PerDataSpace>
						</random_reads>
						<gated_fills>
							<PerDataSpace>
								<item>0</item>
								<item>0</item>
								<item>0</item>
							</PerDataSpace>
						</gated_fills>
						<skipped_fills>
							<PerDataSpace>
								<item>0</item>
								<item>0</item>
								<item>0</item>
							</PerDataSpace>
						</skipped_fills>
						<random_fills>
							<PerDataSpace>
								<item>0</item>
								<item>0</item>
								<item>0</item>
							</PerDataSpace>
						</random_fills>
						<gated_updates>
							<PerDataSpace>
								<item>0</item>
								<item>0</item>
								<item>0</item>
							</PerDataSpace>
						</gated_updates>
						<skipped_updates>
							<PerDataSpace>
								<item>0</item>
								<item>0</item>
								<item>0</item>
							</PerDataSpace>
						</skipped_updates>
						<random_updates>
							<PerDataSpace>
								<item>0</item>
								<item>0</item>
								<item>16384</item>
							</PerDataSpace>
						</random_updates>
						<random_format_reads>
							<PerDataSpace>
								<item>
									<count>2</count>
									<item_version>0</item_version>
									<item>
										<count>2</count>
										<item_version>0</item_version>
										<item>1687552</item>
										<item>0</item>
									</item>
									<item>
										<count>2</count>
										<item_version>0</item_version>
										<item>0</item>
										<item>16512</item>
									</item>
								</item>
								<item>
									<count>3</count>
									<item_version>0</item_version>
									<item>
										<count>2</count>
										<item_version>0</item_version>
										<item>13184</item>
										<item>0</item>
									</item>
									<item>
										<count>2</count>
										<item_version>0</item_version>
										<item>0</item>
										<item>0</item>
									</item>
									<item>
										<count>2</count>
										<item_version>0</item_version>
										<item>0</item>
										<item>129</item>
									</item>
								</item>
								<item>
									<count>0</count>
									<item_version>0</item_version>
								</item>
							</PerDataSpace>
						</random_format_reads>
						<gated_format_reads>
							<PerDataSpace>
								<item>
									<count>2</count>
									<item_version>0</item_version>
									<item>
										<count>2</count>
										<item_version>0</item_version>
										<item>0</item>
										<item>0</item>
									</item>
									<item>
										<count>2</count>
										<item_version>0</item_version>
										<item>0</item>
										<item>0</item>
									</item>
								</item>
								<item>
									<count>3</count>
									<item_version>0</item_version>
									<item>
										<count>2</count>
										<item_version>0</item_version>
										<item>0</item>
										<item>0</item>
									</item>
									<item>
										<count>2</count>
										<item_version>0</item_version>
										<item>0</item>
										<item>0</item>
									</item>
									<item>
										<count>2</count>
										<item_version>0</item_version>
										<item>0</item>
										<item>0</item>
									</item>
								</item>
								<item>
									<count>0</count>
									<item_version>0</item_version>
								</item>
							</PerDataSpace>
						</gated_format_reads>
						<skipped_format_reads>
							<PerDataSpace>
								<item>
									<count>2</count>
									<item_version>0</item_version>
									<item>
										<count>2</count>
										<item_version>0</item_version>
										<item>0</item>
										<item>0</item>
									</item>
									<item>
										<count>2</count>
										<item_version>0</item_version>
										<item>0</item>
										<item>0</item>
									</item>
								</item>
								<item>
									<count>3</count>
									<item_version>0</item_version>
									<item>
										<count>2</count>
										<item_version>0</item_version>
										<item>0</item>
										<item>0</item>
									</item>
									<item>
										<count>2</count>
										<item_version>0</item_version>
										<item>0</item>
										<item>0</item>
									</item>
									<item>
										<count>2</count>
										<item_version>0</item_version>
										<item>0</item>
										<item>0</item>
									</item>
								</item>
								<item>
									<count>0</count>
									<item_version>0</item_version>
								</item>
							</PerDataSpace>
						</skipped_format_reads>
						<random_format_fills>
							<PerDataSpace>
								<item>
									<count>2</count>
									<item_version>0</item_version>
									<item>
										<count>2</count>
										<item_version>0</item_version>
										<item>0</item>
										<item>0</item>
									</item>
									<item>
										<count>2</count>
										<item_version>0</item_version>
										<item>0</item>
										<item>0</item>
									</item>
								</item>
								<item>
									<count>3</count>
									<item_version>0</item_version>
									<item>
										<count>2</count>
										<item_version>0</item_version>
										<item>0</item>
										<item>0</item>
									</item>
									<item>
										<count>2</count>
										<item_version>0</item_version>
										<item>0</item>
										<item>0</item>
									</item>
									<item>
										<count>2</count>
										<item_version>0</item_version>
										<item>0</item>
										<item>0</item>
									</item>
								</item>
								<item>
									<count>0</count>
									<item_version>0</item_version>
								</item>
							</PerDataSpace>
						</random_format_fills>
						<gated_format_fills>
							<PerDataSpace>
								<item>
									<count>2</count>
									<item_version>0</item_version>
									<item>
										<count>2</count>
										<item_version>0</item_version>
										<item>0</item>
										<item>0</item>
									</item>
									<item>
										<count>2</count>
										<item_version>0</item_version>
										<item>0</item>
										<item>0</item>
									</item>
								</item>
								<item>
									<count>3</count>
									<item_version>0</item_version>
									<item>
										<count>2</count>
										<item_version>0</item_version>
										<item>0</item>
										<item>0</item>
									</item>
									<item>
										<count>2</count>
										<item_version>0</item_version>
										<item>0</item>
										<item>0</item>
									</item>
									<item>
										<count>2</count>
										<item_version>0</item_version>
										<item>0</item>
										<item>0</item>
									</item>
								</item>
								<item>
									<count>0</count>
									<item_version>0</item_version>
								</item>
							</PerDataSpace>
						</gated_format_fills>
						<skipped_format_fills>
							<PerDataSpace>
								<item>
									<count>2</count>
									<item_version>0</item_version>
									<item>
										<count>2</count>
										<item_version>0</item_version>
										<item>0</item>
										<item>0</item>
									</item>
									<item>
										<count>2</count>
										<item_version>0</item_version>
										<item>0</item>
										<item>0</item>
									</item>
								</item>
								<item>
									<count>3</count>
									<item_version>0</item_version>
									<item>
										<count>2</count>
										<item_version>0</item_version>
										<item>0</item>
										<item>0</item>
									</item>
									<item>
										<count>2</count>
										<item_version>0</item_version>
										<item>0</item>
										<item>0</item>
									</item>
									<item>
										<count>2</count>
										<item_version>0</item_version>
										<item>0</item>
										<item>0</item>
									</item>
								</item>
								<item>
									<count>0</count>
									<item_version>0</item_version>
								</item>
							</PerDataSpace>
						</skipped_format_fills>
						<random_format_updates>
							<PerDataSpace>
								<item>
									<count>2</count>
									<item_version>0</item_version>
									<item>
										<count>2</count>
										<item_version>0</item_version>
										<item>0</item>
										<item>0</item>
									</item>
									<item>
										<count>2</count>
										<item_version>0</item_version>
										<item>0</item>
										<item>0</item>
									</item>
								</item>
								<item>
									<count>3</count>
									<item_version>0</item_version>
									<item>
										<count>2</count>
										<item_version>0</item_version>
										<item>0</item>
										<item>0</item>
									</item>
									<item>
										<count>2</count>
										<item_version>0</item_version>
										<item>0</item>
										<item>0</item>
									</item>
									<item>
										<count>2</count>
										<item_version>0</item_version>
										<item>0</item>
										<item>0</item>
									</item>
								</item>
								<item>
									<count>0</count>
									<item_version>0</item_version>
								</item>
							</PerDataSpace>
						</random_format_updates>
						<gated_format_updates>
							<PerDataSpace>
								<item>
									<count>2</count>
									<item_version>0</item_version>
									<item>
										<count>2</count>
										<item_version>0</item_version>
										<item>0</item>
										<item>0</item>
									</item>
									<item>
										<count>2</count>
										<item_version>0</item_version>
										<item>0</item>
										<item>0</item>
									</item>
								</item>
								<item>
									<count>3</count>
									<item_version>0</item_version>
									<item>
										<count>2</count>
										<item_version>0</item_version>
										<item>0</item>
										<item>0</item>
									</item>
									<item>
										<count>2</count>
										<item_version>0</item_version>
										<item>0</item>
										<item>0</item>
									</item>
									<item>
										<count>2</count>
										<item_version>0</item_version>
										<item>0</item>
										<item>0</item>
									</item>
								</item>
								<item>
									<count>0</count>
									<item_version>0</item_version>
								</item>
							</PerDataSpace>
						</gated_format_updates>
						<skipped_format_updates>
							<PerDataSpace>
								<item>
									<count>2</count>
									<item_version>0</item_version>
									<item>
										<count>2</count>
										<item_version>0</item_version>
										<item>0</item>
										<item>0</item>
									</item>
									<item>
										<count>2</count>
										<item_version>0</item_version>
										<item>0</item>
										<item>0</item>
									</item>
								</item>
								<item>
									<count>3</count>
									<item_version>0</item_version>
									<item>
										<count>2</count>
										<item_version>0</item_version>
										<item>0</item>
										<item>0</item>
									</item>
									<item>
										<count>2</count>
										<item_version>0</item_version>
										<item>0</item>
										<item>0</item>
									</item>
									<item>
										<count>2</count>
										<item_version>0</item_version>
										<item>0</item>
										<item>0</item>
									</item>
								</item>
								<item>
									<count>0</count>
									<item_version>0</item_version>
								</item>
							</PerDataSpace>
						</skipped_format_updates>
						<decompression_counts>
							<PerDataSpace>
								<item>0</item>
								<item>0</item>
								<item>0</item>
							</PerDataSpace>
						</decompression_counts>
						<compression_counts>
							<PerDataSpace>
								<item>0</item>
								<item>0</item>
								<item>0</item>
							</PerDataSpace>
						</compression_counts>
						<address_generations>
							<PerDataSpace>
								<item>1679360</item>
								<item>13120</item>
								<item>16384</item>
							</PerDataSpace>
						</address_generations>
						<temporal_reductions>
							<PerDataSpace>
								<item>0</item>
								<item>0</item>
								<item>0</item>
							</PerDataSpace>
						</temporal_reductions>
						<read_bandwidth>
							<PerDataSpace>
								<item>3.44480666270077318e+00</item>
								<item>2.69125520523497905e-02</item>
								<item>0.00000000000000000e+00</item>
							</PerDataSpace>
						</read_bandwidth>
						<write_bandwidth>
							<PerDataSpace>
								<item>0.00000000000000000e+00</item>
								<item>0.00000000000000000e+00</item>
								<item>1.21832242712671037e-02</item>
							</PerDataSpace>
						</write_bandwidth>
						<energy_per_algorithmic_access>
							<PerDataSpace>
								<item>6.09349941406249984e-01</item>
								<item>6.09349941406249984e-01</item>
								<item>4.01576250000000023e-01</item>
							</PerDataSpace>
						</energy_per_algorithmic_access>
						<energy_per_access>
							<PerDataSpace>
								<item>7.60944317073170673e-01</item>
								<item>7.60944317073170673e-01</item>
								<item>4.01576250000000023e-01</item>
							</PerDataSpace>
						</energy_per_access>
						<energy>
							<PerDataSpace>
								<item>1.27789944831999997e+06</item>
								<item>9.98358943999999974e+03</item>
								<item>6.57942528000000038e+03</item>
							</PerDataSpace>
						</energy>
						<temporal_reduction_energy>
							<PerDataSpace>
								<item>0.00000000000000000e+00</item>
								<item>0.00000000000000000e+00</item>
								<item>0.00000000000000000e+00</item>
							</PerDataSpace>
						</temporal_reduction_energy>
						<addr_gen_energy>
							<PerDataSpace>
								<item>0.00000000000000000e+00</item>
								<item>0.00000000000000000e+00</item>
								<item>0.00000000000000000e+00</item>
							</PerDataSpace>
						</addr_gen_energy>
						<cycles>1344800</cycles>
						<slowdown>1.00000000000000000e+00</slowdown>
						<format_read_bandwidth_ratio>
							<PerDataSpace>
								<item>6.37488947833775410e-01</item>
								<item>6.37488947833775410e-01</item>
								<item>0.00000000000000000e+00</item>
							</PerDataSpace>
						</format_read_bandwidth_ratio>
						<format_write_bandwidth_ratio>
							<PerDataSpace>
								<item>0.00000000000000000e+00</item>
								<item>0.00000000000000000e+00</item>
								<item>0.00000000000000000e+00</item>
							</PerDataSpace>
						</format_write_bandwidth_ratio>
					</stats_>
				</px>
			</item>
		</levels_>
		<networks_ class_id="23" tracking_level="0" version="0">
			<count>3</count>
			<item_version>0</item_version>
			<item class_id="24" tracking_level="0" version="0">
				<first>BackingStorage &lt;==&gt; Buffer</first>
				<second class_id="25" tracking_level="0" version="1">
					<px class_id="26" class_name="model::LegacyNetwork" tracking_level="1" version="0" object_id="_4">
						<Network class_id="27" tracking_level="0" version="0"></Network>
						<specs_ class_id="28" tracking_level="0" version="0">
							<NetworkSpecs class_id="29" tracking_level="0" version="0">
								<name>BackingStorage &lt;==&gt; Buffer</name>
							</NetworkSpecs>
							<word_bits>
								<t_>8</t_>
							</word_bits>
							<router_energy></router_energy>
							<wire_energy></wire_energy>
							<tile_width>
								<t_>6.57572050026886785e+01</t_>
							</tile_width>
							<energy_per_hop></energy_per_hop>
						</specs_>
						<stats_ class_id="30" tracking_level="0" version="0">
							<fanout>
								<PerDataSpace>
									<item>1</item>
									<item>1</item>
									<item>1</item>
								</PerDataSpace>
							</fanout>
							<distributed_fanout>
								<PerDataSpace>
									<item>0</item>
									<item>0</item>
									<item>0</item>
								</PerDataSpace>
							</distributed_fanout>
							<multicast_factor>
								<PerDataSpace>
									<item>1</item>
									<item>1</item>
									<item>1</item>
								</PerDataSpace>
							</multicast_factor>
							<distributed_multicast>
								<PerDataSpace>
									<item>0</item>
									<item>0</item>
									<item>0</item>
								</PerDataSpace>
							</distributed_multicast>
							<link_transfers>
								<PerDataSpace>
									<item>0</item>
									<item>0</item>
									<item>0</item>
								</PerDataSpace>
							</link_transfers>
							<spatial_reductions>
								<PerDataSpace>
									<item>0</item>
									<item>0</item>
									<item>0</item>
								</PerDataSpace>
							</spatial_reductions>
							<link_transfer_energy>
								<PerDataSpace>
									<item>0.00000000000000000e+00</item>
									<item>0.00000000000000000e+00</item>
									<item>0.00000000000000000e+00</item>
								</PerDataSpace>
							</link_transfer_energy>
							<num_hops>
								<PerDataSpace>
									<item>5.00000000000000000e-01</item>
									<item>5.00000000000000000e-01</item>
									<item>5.00000000000000000e-01</item>
								</PerDataSpace>
							</num_hops>
							<energy_per_hop>
								<PerDataSpace>
									<item>0.00000000000000000e+00</item>
									<item>0.00000000000000000e+00</item>
									<item>0.00000000000000000e+00</item>
								</PerDataSpace>
							</energy_per_hop>
							<energy>
								<PerDataSpace>
									<item>0.00000000000000000e+00</item>
									<item>0.00000000000000000e+00</item>
									<item>0.00000000000000000e+00</item>
								</PerDataSpace>
							</energy>
							<spatial_reduction_energy>
								<PerDataSpace>
									<item>0.00000000000000000e+00</item>
									<item>0.00000000000000000e+00</item>
									<item>0.00000000000000000e+00</item>
								</PerDataSpace>
							</spatial_reduction_energy>
						</stats_>
					</px>
				</second>
			</item>
			<item>
				<first>Buffer &lt;==&gt; Reg</first>
				<second>
					<px class_id_reference="26" object_id="_5">
						<Network></Network>
						<specs_>
							<NetworkSpecs>
								<name>Buffer &lt;==&gt; Reg</name>
							</NetworkSpecs>
							<word_bits>
								<t_>8</t_>
							</word_bits>
							<router_energy></router_energy>
							<wire_energy></wire_energy>
							<tile_width>
								<t_>1.82277261335581855e+01</t_>
							</tile_width>
							<energy_per_hop></energy_per_hop>
						</specs_>
						<stats_>
							<fanout>
								<PerDataSpace>
									<item>1</item>
									<item>1</item>
									<item>1</item>
								</PerDataSpace>
							</fanout>
							<distributed_fanout>
								<PerDataSpace>
									<item>0</item>
									<item>0</item>
									<item>0</item>
								</PerDataSpace>
							</distributed_fanout>
							<multicast_factor>
								<PerDataSpace>
									<item>1</item>
									<item>1</item>
									<item>1</item>
								</PerDataSpace>
							</multicast_factor>
							<distributed_multicast>
								<PerDataSpace>
									<item>0</item>
									<item>0</item>
									<item>0</item>
								</PerDataSpace>
							</distributed_multicast>
							<link_transfers>
								<PerDataSpace>
									<item>0</item>
									<item>0</item>
									<item>0</item>
								</PerDataSpace>
							</link_transfers>
							<spatial_reductions>
								<PerDataSpace>
									<item>0</item>
									<item>0</item>
									<item>0</item>
								</PerDataSpace>
							</spatial_reductions>
							<link_transfer_energy>
								<PerDataSpace>
									<item>0.00000000000000000e+00</item>
									<item>0.00000000000000000e+00</item>
									<item>0.00000000000000000e+00</item>
								</PerDataSpace>
							</link_transfer_energy>
							<num_hops>
								<PerDataSpace>
									<item>5.00000000000000000e-01</item>
									<item>5.00000000000000000e-01</item>
									<item>5.00000000000000000e-01</item>
								</PerDataSpace>
							</num_hops>
							<energy_per_hop>
								<PerDataSpace>
									<item>0.00000000000000000e+00</item>
									<item>0.00000000000000000e+00</item>
									<item>0.00000000000000000e+00</item>
								</PerDataSpace>
							</energy_per_hop>
							<energy>
								<PerDataSpace>
									<item>0.00000000000000000e+00</item>
									<item>0.00000000000000000e+00</item>
									<item>0.00000000000000000e+00</item>
								</PerDataSpace>
							</energy>
							<spatial_reduction_energy>
								<PerDataSpace>
									<item>0.00000000000000000e+00</item>
									<item>0.00000000000000000e+00</item>
									<item>0.00000000000000000e+00</item>
								</PerDataSpace>
							</spatial_reduction_energy>
						</stats_>
					</px>
				</second>
			</item>
			<item>
				<first>Reg &lt;==&gt; MAC</first>
				<second>
					<px class_id_reference="26" object_id="_6">
						<Network></Network>
						<specs_>
							<NetworkSpecs>
								<name>Reg &lt;==&gt; MAC</name>
							</NetworkSpecs>
							<word_bits>
								<t_>8</t_>
							</word_bits>
							<router_energy></router_energy>
							<wire_energy></wire_energy>
							<tile_width>
								<t_>1.82277261335581855e+01</t_>
							</tile_width>
							<energy_per_hop></energy_per_hop>
						</specs_>
						<stats_>
							<fanout>
								<PerDataSpace>
									<item>1</item>
									<item>1</item>
									<item>1</item>
								</PerDataSpace>
							</fanout>
							<distributed_fanout>
								<PerDataSpace>
									<item>0</item>
									<item>0</item>
									<item>0</item>
								</PerDataSpace>
							</distributed_fanout>
							<multicast_factor>
								<PerDataSpace>
									<item>1</item>
									<item>1</item>
									<item>1</item>
								</PerDataSpace>
							</multicast_factor>
							<distributed_multicast>
								<PerDataSpace>
									<item>0</item>
									<item>0</item>
									<item>0</item>
								</PerDataSpace>
							</distributed_multicast>
							<link_transfers>
								<PerDataSpace>
									<item>0</item>
									<item>0</item>
									<item>0</item>
								</PerDataSpace>
							</link_transfers>
							<spatial_reductions>
								<PerDataSpace>
									<item>0</item>
									<item>0</item>
									<item>0</item>
								</PerDataSpace>
							</spatial_reductions>
							<link_transfer_energy>
								<PerDataSpace>
									<item>0.00000000000000000e+00</item>
									<item>0.00000000000000000e+00</item>
									<item>0.00000000000000000e+00</item>
								</PerDataSpace>
							</link_transfer_energy>
							<num_hops>
								<PerDataSpace>
									<item>5.00000000000000000e-01</item>
									<item>5.00000000000000000e-01</item>
									<item>5.00000000000000000e-01</item>
								</PerDataSpace>
							</num_hops>
							<energy_per_hop>
								<PerDataSpace>
									<item>0.00000000000000000e+00</item>
									<item>0.00000000000000000e+00</item>
									<item>0.00000000000000000e+00</item>
								</PerDataSpace>
							</energy_per_hop>
							<energy>
								<PerDataSpace>
									<item>0.00000000000000000e+00</item>
									<item>0.00000000000000000e+00</item>
									<item>0.00000000000000000e+00</item>
								</PerDataSpace>
							</energy>
							<spatial_reduction_energy>
								<PerDataSpace>
									<item>0.00000000000000000e+00</item>
									<item>0.00000000000000000e+00</item>
									<item>0.00000000000000000e+00</item>
								</PerDataSpace>
							</spatial_reduction_energy>
						</stats_>
					</px>
				</second>
			</item>
		</networks_>
	</topology_>
</engine>
<mapping class_id="31" tracking_level="0" version="0">
	<datatype_bypass_nest>
		<item class_id="32" tracking_level="0" version="0">
			<bits>0000000000000110</bits>
		</item>
		<item>
			<bits>0000000000000110</bits>
		</item>
		<item>
			<bits>0000000000000101</bits>
		</item>
	</datatype_bypass_nest>
</mapping>
<a class_id="33" tracking_level="1" version="0" object_id="_7">
	<workload_ class_id="34" tracking_level="0" version="0">
		<factorized_bounds_ class_id="35" tracking_level="0" version="0">
			<count>3</count>
			<item_version>0</item_version>
			<item class_id="36" tracking_level="0" version="0">
				<first>0</first>
				<second>128</second>
			</item>
			<item>
				<first>1</first>
				<second>128</second>
			</item>
			<item>
				<first>2</first>
				<second>128</second>
			</item>
		</factorized_bounds_>
		<coefficients_>
			<count>0</count>
			<item_version>0</item_version>
		</coefficients_>
		<densities_ class_id="37" tracking_level="0" version="0">
			<count>3</count>
			<item_version>0</item_version>
			<item class_id="38" tracking_level="0" version="0">
				<first>0</first>
				<second class_id="39" tracking_level="0" version="1">
					<px class_id="40" class_name="problem::FixedStructuredDistribution" tracking_level="1" version="0" object_id="_8">
						<DensityDistribution class_id="41" tracking_level="0" version="0"></DensityDistribution>
						<specs_ class_id="42" tracking_level="0" version="0">
							<DensityDistributionSpecs class_id="43" tracking_level="0" version="0">
								<type>UNSET</type>
							</DensityDistributionSpecs>
							<type>fixed-structured</type>
							<fixed_density>8.00781250000000000e-01</fixed_density>
						</specs_>
					</px>
				</second>
			</item>
			<item>
				<first>1</first>
				<second>
					<px class_id_reference="40" object_id="_9">
						<DensityDistribution></DensityDistribution>
						<specs_>
							<DensityDistributionSpecs>
								<type>UNSET</type>
							</DensityDistributionSpecs>
							<type>fixed-structured</type>
							<fixed_density>8.00781250000000000e-01</fixed_density>
						</specs_>
					</px>
				</second>
			</item>
			<item>
				<first>2</first>
				<second>
					<px class_id_reference="40" object_id="_10">
						<DensityDistribution></DensityDistribution>
						<specs_>
							<DensityDistributionSpecs>
								<type>UNSET</type>
							</DensityDistributionSpecs>
							<type>fixed-structured</type>
							<fixed_density>1.00000000000000000e+00</fixed_density>
						</specs_>
					</px>
				</second>
			</item>
		</densities_>
	</workload_>
</a>
</boost_serialization>

